﻿<?xml version="1.0" encoding="utf-8" ?>
<quiz>
	<title>焦虑自评量表（SAS）</title>
	<description>	
	问卷内容：
	焦虑自评量表（SAS），包含20个项目，分为4级评分的自评量表，用于评出焦虑病人的主观感受。
	本量表适用于具有焦虑症状的成年人，具有较广泛的适用性。
	
	问卷评价：
	SAS是一种分析病人主观症状的相当简便的临床工具。国外研究认为，SAS能较准确地反映有焦虑倾向的精神病患者的主观感受。而焦虑则是心理咨询门诊中较常见的一种情绪障碍，近年来，SAS已作为咨询门诊中了解焦虑症状的一种自评工具。
	
	注意事项：
	下面有二十条文字，请仔细阅读每一条，把意思弄明白，然后根据您最近一星期的实际感觉做答。
	</description>
	
	<score>
	评分标准：
	采用4级评分，主要评定项目为所定义的症状出现的频度，其标准为
	1、没有或很少时间
	2、小部分时间
	3、相当多时间
	4、绝大部分或全部时间
	20个项目中有5项（第5、9、13、17、19）为反向计分。
	SAS的主要统计指标为总分。由自评者评定结束后，将20个项目的各个得分相加，即得粗分（raw score，x），然后经过公式换算，y=int（1.25x）；即用粗分乘以1.25后取整数部分，就得到标准分（inidex score，y）
	
	SAS评分指数：
	33以下，正常
	33~46，精神分裂症
	47~58，人格障碍抑郁症
	58以上，焦虑症	
	</score>
	
	<interfacetype>inf_SAS</interfacetype>
	
	<xmltype>0</xmltype>
	<questionnum>20</questionnum>
	<question>
		<number>1</number>
		<content>我觉得比平常容易紧张或着急</content>
		<option>没有或很少时间</option>
		<option>少部分时间</option>
		<option>相当多时间</option>
		<option>绝大部分或全部时间</option>
	</question>
	<question>
		<number>2</number>
		<content>我无缘无故地感到害怕</content>
		<option>没有或很少时间</option>
		<option>少部分时间</option>
		<option>相当多时间</option>
		<option>绝大部分或全部时间</option>
	</question>
		<question>
		<number>3</number>
		<content>我容易心里烦乱或觉得惊恐</content>
		<option>没有或很少时间</option>
		<option>少部分时间</option>
		<option>相当多时间</option>
		<option>绝大部分或全部时间</option>
	</question>
		<question>
		<number>4</number>
		<content>我觉得我可能将要发疯</content>
		<option>没有或很少时间</option>
		<option>少部分时间</option>
		<option>相当多时间</option>
		<option>绝大部分或全部时间</option>
	</question>
		<question>
		<number>5</number>
		<content>我觉得一切都很好，也不会发生什么不幸</content>
		<option>没有或很少时间</option>
		<option>少部分时间</option>
		<option>相当多时间</option>
		<option>绝大部分或全部时间</option>
	</question>
		<question>
		<number>6</number>
		<content>我手脚发抖打颤</content>
		<option>没有或很少时间</option>
		<option>少部分时间</option>
		<option>相当多时间</option>
		<option>绝大部分或全部时间</option>
	</question>
		<question>
		<number>7</number>
		<content>我因为头痛、颈痛和背痛而苦恼</content>
		<option>没有或很少时间</option>
		<option>少部分时间</option>
		<option>相当多时间</option>
		<option>绝大部分或全部时间</option>
	</question>
		<question>
		<number>8</number>
		<content>我感觉容易衰弱和疲乏</content>
		<option>没有或很少时间</option>
		<option>少部分时间</option>
		<option>相当多时间</option>
		<option>绝大部分或全部时间</option>
	</question>
		<question>
		<number>9</number>
		<content>我得心平气和，并且容易安静坐着</content>
		<option>没有或很少时间</option>
		<option>少部分时间</option>
		<option>相当多时间</option>
		<option>绝大部分或全部时间</option>
	</question>
		<question>
		<number>10</number>
		<content>我觉得心跳得很快</content>
		<option>没有或很少时间</option>
		<option>少部分时间</option>
		<option>相当多时间</option>
		<option>绝大部分或全部时间</option>
	</question>
		<question>
		<number>11</number>
		<content>我因为一阵阵头晕而苦恼</content>
		<option>没有或很少时间</option>
		<option>少部分时间</option>
		<option>相当多时间</option>
		<option>绝大部分或全部时间</option>
	</question>
		<question>
		<number>12</number>
		<content>我有晕倒发作，或觉得要晕倒似的</content>
		<option>没有或很少时间</option>
		<option>少部分时间</option>
		<option>相当多时间</option>
		<option>绝大部分或全部时间</option>
	</question>
		<question>
		<number>13</number>
		<content>我吸气呼气都感到很容易</content>
		<option>没有或很少时间</option>
		<option>少部分时间</option>
		<option>相当多时间</option>
		<option>绝大部分或全部时间</option>
	</question>
		<question>
		<number>14</number>
		<content>我的手脚麻木和刺痛</content>
		<option>没有或很少时间</option>
		<option>少部分时间</option>
		<option>相当多时间</option>
		<option>绝大部分或全部时间</option>
	</question>
		<question>
		<number>15</number>
		<content>我因为胃痛和消化不良而苦恼</content>
		<option>没有或很少时间</option>
		<option>少部分时间</option>
		<option>相当多时间</option>
		<option>绝大部分或全部时间</option>
	</question>
		<question>
		<number>16</number>
		<content>我常常要小便</content>
		<option>没有或很少时间</option>
		<option>少部分时间</option>
		<option>相当多时间</option>
		<option>绝大部分或全部时间</option>
	</question>
		<question>
		<number>17</number>
		<content>我的手脚常常是干燥温暖的</content>
		<option>没有或很少时间</option>
		<option>少部分时间</option>
		<option>相当多时间</option>
		<option>绝大部分或全部时间</option>
	</question>
		<question>
		<number>18</number>
		<content>我脸红发热</content>
		<option>没有或很少时间</option>
		<option>少部分时间</option>
		<option>相当多时间</option>
		<option>绝大部分或全部时间</option>
	</question>
		<question>
		<number>19</number>
		<content>我容易入睡并且一夜睡得很好</content>
		<option>没有或很少时间</option>
		<option>少部分时间</option>
		<option>相当多时间</option>
		<option>绝大部分或全部时间</option>
	</question>
		<question>
		<number>20</number>
		<content>我做恶梦</content>
		<option>没有或很少时间</option>
		<option>少部分时间</option>
		<option>相当多时间</option>
		<option>绝大部分或全部时间</option>
	</question>
</quiz>